Series Name,Series Code,Country Name,Country Code,1990 [YR1990],2000 [YR2000],2015 [YR2015],2016 [YR2016],2017 [YR2017],2018 [YR2018],2019 [YR2019],2020 [YR2020],2021 [YR2021],2022 [YR2022],2023 [YR2023],2024 [YR2024],
Fertilizer consumption (% of fertilizer production),AG.CON.FERT.PT.ZS,Afghanistan,AFG,77.39130435,100,648.3988218,662.6182866,986.8020305,847.5465313,535.5267281,427.5615717,255.2547471,248.0228113,324.2902801,..,
Fertilizer consumption (% of fertilizer production),AG.CON.FERT.PT.ZS,Albania,ALB,104.1879469,..,..,..,..,..,..,..,..,..,..,..,
Fertilizer consumption (% of fertilizer production),AG.CON.FERT.PT.ZS,Algeria,DZA,97.69230769,83.15315315,21.79200794,14.4756415,14.4756415,14.4756415,14.4756415,14.4756415,14.4756415,14.4756415,14.4756415,..,
Fertilizer consumption (% of fertilizer production),AG.CON.FERT.PT.ZS,American Samoa,ASM,..,..,..,..,..,..,..,..,..,..,..,..,
Fertilizer consumption (% of fertilizer production),AG.CON.FERT.PT.ZS,Andorra,AND,..,..,..,..,..,..,..,..,..,..,..,..,
Fertilizer consumption (% of fertilizer production),AG.CON.FERT.PT.ZS,Angola,AGO,..,..,..,..,..,..,..,..,..,..,..,..,
Fertilizer consumption (% of fertilizer production),AG.CON.FERT.PT.ZS,Antigua and Barbuda,ATG,..,..,..,..,..,..,..,..,..,..,..,..,
Fertilizer consumption (% of fertilizer production),AG.CON.FERT.PT.ZS,Argentina,ARG,315.2380952,587.0632653,212.5150058,258.568032,236.7237886,364.065733,347.5071687,356.2510676,543.2765177,464.8637341,345.3654773,..,
Fertilizer consumption (% of fertilizer production),AG.CON.FERT.PT.ZS,Armenia,ARM,..,..,..,..,..,..,..,..,..,..,..,..,
Fertilizer consumption (% of fertilizer production),AG.CON.FERT.PT.ZS,Aruba,ABW,..,..,..,..,..,..,..,..,..,..,..,..,
Fertilizer consumption (% of fertilizer production),AG.CON.FERT.PT.ZS,Australia,AUS,236.5023275,235.2523172,285.7796177,282.482004,309.2797631,304.1789799,307.0820403,344.5751854,350.4600197,337.1803747,409.5132809,..,
Fertilizer consumption (% of fertilizer production),AG.CON.FERT.PT.ZS,Austria,AUT,101.2687813,95.11940928,..,..,..,..,..,..,..,..,..,..,
Fertilizer consumption (% of fertilizer production),AG.CON.FERT.PT.ZS,Azerbaijan,AZE,..,..,..,..,..,..,292.5156487,468.8535596,31.88735905,31.24362087,55.04251932,..,
Fertilizer consumption (% of fertilizer production),AG.CON.FERT.PT.ZS,"Bahamas, The",BHS,..,..,..,..,..,..,..,..,..,..,..,..,
Fertilizer consumption (% of fertilizer production),AG.CON.FERT.PT.ZS,Bahrain,BHR,..,0.140095719,0.787929322,0.174378521,0.236372101,0.315753697,0.446182187,0.863991318,0.863991318,0.061613335,..,..,
Fertilizer consumption (% of fertilizer production),AG.CON.FERT.PT.ZS,Bangladesh,BGD,131.4571746,114.7718816,476.94974,392.3759299,460.5520369,572.9675926,544.2114819,554.9239149,673.5128826,665.6406709,667.524425,..,
Fertilizer consumption (% of fertilizer production),AG.CON.FERT.PT.ZS,Barbados,BRB,..,..,..,..,..,..,..,..,..,..,..,..,
Fertilizer consumption (% of fertilizer production),AG.CON.FERT.PT.ZS,Belarus,BLR,..,19.95884264,14.68444966,11.5781354,10.00056635,10.58640033,10.27793824,11.70912052,10.90281227,12.53958139,12.67920871,..,
Fertilizer consumption (% of fertilizer production),AG.CON.FERT.PT.ZS,Belgium,BEL,33.92226148,..,22.64873078,21.68470392,19.3179988,22.00306502,18.41375923,24.1561267,20.1658993,17.89193432,21.00965626,..,
Fertilizer consumption (% of fertilizer production),AG.CON.FERT.PT.ZS,Belize,BLZ,..,..,..,..,..,..,..,..,..,..,..,..,
Fertilizer consumption (% of fertilizer production),AG.CON.FERT.PT.ZS,Benin,BEN,..,..,..,..,..,..,..,..,..,..,..,..,
Fertilizer consumption (% of fertilizer production),AG.CON.FERT.PT.ZS,Bermuda,BMU,..,..,..,..,..,..,..,..,..,..,..,..,
Fertilizer consumption (% of fertilizer production),AG.CON.FERT.PT.ZS,Bhutan,BTN,..,..,..,..,..,..,..,..,..,..,..,..,
Fertilizer consumption (% of fertilizer production),AG.CON.FERT.PT.ZS,Bolivia,BOL,..,..,..,..,..,40.95078642,19.80271105,571.3087033,54.73929763,21.37434274,..,..,
Fertilizer consumption (% of fertilizer production),AG.CON.FERT.PT.ZS,Bosnia and Herzegovina,BIH,..,..,168.4272788,252.2930867,226.1469443,468.7170013,276.0186704,361.9057585,447.016174,265.4565058,..,..,
Fertilizer consumption (% of fertilizer production),AG.CON.FERT.PT.ZS,Botswana,BWA,..,..,..,..,..,..,..,..,..,..,..,..,
Fertilizer consumption (% of fertilizer production),AG.CON.FERT.PT.ZS,Brazil,BRA,169.1884776,250.5421483,402.5328716,526.3363615,635.8643912,590.8926816,803.6594441,790.8127115,756.8751119,663.0296997,718.2958138,..,
Fertilizer consumption (% of fertilizer production),AG.CON.FERT.PT.ZS,British Virgin Islands,VGB,..,..,..,..,..,..,..,..,..,..,..,..,
Fertilizer consumption (% of fertilizer production),AG.CON.FERT.PT.ZS,Brunei Darussalam,BRN,..,..,..,..,..,..,..,..,..,..,..,..,
Fertilizer consumption (% of fertilizer production),AG.CON.FERT.PT.ZS,Bulgaria,BGR,71.51478954,30.4339092,133.9931744,151.3820085,55.68897979,67.71150986,73.03866292,74.3822834,68.61453727,80.27482735,82.73470316,..,
Fertilizer consumption (% of fertilizer production),AG.CON.FERT.PT.ZS,Burkina Faso,BFA,18246.55172,8857.180157,..,..,..,..,..,..,..,..,..,..,
Fertilizer consumption (% of fertilizer production),AG.CON.FERT.PT.ZS,Burundi,BDI,..,..,..,..,..,..,..,..,..,..,..,..,
Fertilizer consumption (% of fertilizer production),AG.CON.FERT.PT.ZS,Cabo Verde,CPV,..,..,..,..,..,..,..,..,..,..,..,..,
Fertilizer consumption (% of fertilizer production),AG.CON.FERT.PT.ZS,Cambodia,KHM,110.8108108,..,..,..,..,..,..,..,..,..,..,..,
Fertilizer consumption (% of fertilizer production),AG.CON.FERT.PT.ZS,Cameroon,CMR,..,..,..,..,..,..,..,..,..,..,..,..,
Fertilizer consumption (% of fertilizer production),AG.CON.FERT.PT.ZS,Canada,CAN,20.15869152,18.46306766,25.67180445,25.25475945,24.26808904,23.9234979,24.82322852,28.39221281,27.88238409,26.47534572,37.39697017,..,
Fertilizer consumption (% of fertilizer production),AG.CON.FERT.PT.ZS,Cayman Islands,CYM,..,..,..,..,..,..,..,..,..,..,..,..,
Fertilizer consumption (% of fertilizer production),AG.CON.FERT.PT.ZS,Central African Republic,CAF,..,..,..,..,..,..,..,..,..,..,..,..,
Fertilizer consumption (% of fertilizer production),AG.CON.FERT.PT.ZS,Chad,TCD,..,..,..,..,..,..,..,..,..,..,..,..,
Fertilizer consumption (% of fertilizer production),AG.CON.FERT.PT.ZS,Channel Islands,CHI,..,..,..,..,..,..,..,..,..,..,..,..,
Fertilizer consumption (% of fertilizer production),AG.CON.FERT.PT.ZS,Chile,CHL,196.5910256,92.60326609,36.9253415,30.49717787,33.89593864,31.80527218,49.4398694,41.33714028,40.41762855,27.53160376,117.4017677,..,
Fertilizer consumption (% of fertilizer production),AG.CON.FERT.PT.ZS,China,CHN,142.3656531,119.973872,82.18445708,92.25367854,92.13984479,93.95611707,89.39780127,88.56559569,84.51833998,88.95960425,92.03127771,..,
Fertilizer consumption (% of fertilizer production),AG.CON.FERT.PT.ZS,Colombia,COL,303.1202818,208.6212361,427.8677075,464.3534188,504.008761,436.9536298,437.5327635,509.425435,508.001657,411.6275891,..,..,
Fertilizer consumption (% of fertilizer production),AG.CON.FERT.PT.ZS,Comoros,COM,..,..,..,..,..,..,..,..,..,..,..,..,
Fertilizer consumption (% of fertilizer production),AG.CON.FERT.PT.ZS,"Congo, Dem. Rep.",COD,..,..,..,..,..,..,..,..,..,..,..,..,
Fertilizer consumption (% of fertilizer production),AG.CON.FERT.PT.ZS,"Congo, Rep.",COG,..,..,..,..,..,..,..,..,..,..,..,..,
Fertilizer consumption (% of fertilizer production),AG.CON.FERT.PT.ZS,Costa Rica,CRI,359.602649,1246.268657,..,..,..,..,..,..,..,..,..,..,
Fertilizer consumption (% of fertilizer production),AG.CON.FERT.PT.ZS,Cote d'Ivoire,CIV,2466.666667,..,..,..,..,..,..,..,..,..,..,..,
Fertilizer consumption (% of fertilizer production),AG.CON.FERT.PT.ZS,Croatia,HRV,..,52.20391834,34.70529362,23.98187006,35.41784312,41.8189541,37.81362514,40.57574152,63.81645094,211.2173198,221.8444562,..,
Fertilizer consumption (% of fertilizer production),AG.CON.FERT.PT.ZS,Cuba,CUB,394.5578231,260.8,682.5816327,741.5074627,1037.614583,791.3191489,1487.68,918.3209877,1481.159934,763.227402,684.642526,..,
Fertilizer consumption (% of fertilizer production),AG.CON.FERT.PT.ZS,Curacao,CUW,..,..,..,..,..,..,..,..,..,..,..,..,
Fertilizer consumption (% of fertilizer production),AG.CON.FERT.PT.ZS,Cyprus,CYP,..,..,..,..,..,..,..,..,..,..,..,..,
Fertilizer consumption (% of fertilizer production),AG.CON.FERT.PT.ZS,Czechia,CZE,..,100.7785646,275.359932,294.5233838,312.956344,287.008586,363.7620034,475.4608575,253.7016358,290.185284,311.6012992,..,
Fertilizer consumption (% of fertilizer production),AG.CON.FERT.PT.ZS,Denmark,DNK,238.0451128,225.1612903,..,..,..,..,..,..,..,..,..,..,
Fertilizer consumption (% of fertilizer production),AG.CON.FERT.PT.ZS,Djibouti,DJI,..,..,..,..,..,..,..,..,..,..,..,..,
Fertilizer consumption (% of fertilizer production),AG.CON.FERT.PT.ZS,Dominica,DMA,..,..,..,..,..,..,..,..,..,..,..,..,
Fertilizer consumption (% of fertilizer production),AG.CON.FERT.PT.ZS,Dominican Republic,DOM,..,..,..,..,..,..,..,..,..,..,..,..,
Fertilizer consumption (% of fertilizer production),AG.CON.FERT.PT.ZS,Ecuador,ECU,..,..,..,..,..,..,..,..,..,..,..,..,
Fertilizer consumption (% of fertilizer production),AG.CON.FERT.PT.ZS,"Egypt, Arab Rep.",EGY,111.7232091,86.25665465,62.2911039,53.13863713,43.30035738,42.47384583,42.29117318,45.65613283,46.70588235,45.26834611,41.53768844,..,
Fertilizer consumption (% of fertilizer production),AG.CON.FERT.PT.ZS,El Salvador,SLV,663.1438957,..,..,..,..,..,..,..,..,..,..,..,
Fertilizer consumption (% of fertilizer production),AG.CON.FERT.PT.ZS,Equatorial Guinea,GNQ,..,..,..,..,..,..,..,..,..,..,..,..,
Fertilizer consumption (% of fertilizer production),AG.CON.FERT.PT.ZS,Eritrea,ERI,..,..,..,..,..,..,..,..,..,..,..,..,
Fertilizer consumption (% of fertilizer production),AG.CON.FERT.PT.ZS,Estonia,EST,..,92.46792333,47056.2442,49620.57184,24085.51835,22868.77794,23596.10577,24917.41799,27443.74574,22973.71013,20163.26994,..,
Fertilizer consumption (% of fertilizer production),AG.CON.FERT.PT.ZS,Eswatini,SWZ,..,..,..,..,..,..,..,..,..,..,..,..,
Fertilizer consumption (% of fertilizer production),AG.CON.FERT.PT.ZS,Ethiopia,ETH,..,..,..,..,..,..,..,..,..,..,..,..,
Fertilizer consumption (% of fertilizer production),AG.CON.FERT.PT.ZS,Faroe Islands,FRO,..,..,..,..,..,..,..,..,..,..,..,..,
Fertilizer consumption (% of fertilizer production),AG.CON.FERT.PT.ZS,Fiji,FJI,..,..,..,..,..,..,..,..,..,..,..,..,
Fertilizer consumption (% of fertilizer production),AG.CON.FERT.PT.ZS,Finland,FIN,100.6251421,88.20058997,45.25085263,48.21822158,63.07664923,58.23791898,46.28638554,49.84505863,41.82194833,119.7367635,1716.035303,..,
Fertilizer consumption (% of fertilizer production),AG.CON.FERT.PT.ZS,France,FRA,152.0522288,255.5363748,449.9064906,505.1928666,560.5960365,423.053706,444.0426349,..,1418.352886,7180.740621,7180.740621,..,
Fertilizer consumption (% of fertilizer production),AG.CON.FERT.PT.ZS,French Polynesia,PYF,..,..,..,..,..,..,..,..,..,..,..,..,
Fertilizer consumption (% of fertilizer production),AG.CON.FERT.PT.ZS,Gabon,GAB,..,..,..,..,..,..,..,..,..,..,..,..,
Fertilizer consumption (% of fertilizer production),AG.CON.FERT.PT.ZS,"Gambia, The",GMB,..,..,..,..,..,..,..,..,..,..,..,..,
Fertilizer consumption (% of fertilizer production),AG.CON.FERT.PT.ZS,Georgia,GEO,..,42,14.65919309,21.0141317,15.46258662,12.6057367,12.12787167,37.38498016,33.22554548,29.64152285,28.91691692,..,
Fertilizer consumption (% of fertilizer production),AG.CON.FERT.PT.ZS,Germany,DEU,52.14042295,60.97090141,54.80768087,55.54228364,49.74070684,47.92683782,50.98131938,47.41760948,38.48101749,39.24765341,47.17811844,..,
Fertilizer consumption (% of fertilizer production),AG.CON.FERT.PT.ZS,Ghana,GHA,..,..,..,..,..,..,..,..,..,..,..,..,
Fertilizer consumption (% of fertilizer production),AG.CON.FERT.PT.ZS,Gibraltar,GIB,..,..,..,..,..,..,..,..,..,..,..,..,
Fertilizer consumption (% of fertilizer production),AG.CON.FERT.PT.ZS,Greece,GRC,110.4586574,131.0721472,98.09824572,135.7729602,79.90790666,149.4200502,187.5792698,254.8232421,289.8078226,73.03521333,72.72903673,..,
Fertilizer consumption (% of fertilizer production),AG.CON.FERT.PT.ZS,Greenland,GRL,..,..,..,..,..,..,..,..,..,..,..,..,
Fertilizer consumption (% of fertilizer production),AG.CON.FERT.PT.ZS,Grenada,GRD,..,..,..,..,..,..,..,..,..,..,..,..,
Fertilizer consumption (% of fertilizer production),AG.CON.FERT.PT.ZS,Guam,GUM,..,..,..,..,..,..,..,..,..,..,..,..,
Fertilizer consumption (% of fertilizer production),AG.CON.FERT.PT.ZS,Guatemala,GTM,835.7142857,..,..,..,..,..,..,..,..,..,..,..,
Fertilizer consumption (% of fertilizer production),AG.CON.FERT.PT.ZS,Guinea,GIN,..,..,..,..,..,..,..,..,..,..,..,..,
Fertilizer consumption (% of fertilizer production),AG.CON.FERT.PT.ZS,Guinea-Bissau,GNB,..,..,..,..,..,..,..,..,..,..,..,..,
Fertilizer consumption (% of fertilizer production),AG.CON.FERT.PT.ZS,Guyana,GUY,..,..,..,..,..,..,..,..,..,..,..,..,
Fertilizer consumption (% of fertilizer production),AG.CON.FERT.PT.ZS,Haiti,HTI,..,..,..,..,..,..,..,..,..,..,..,..,
Fertilizer consumption (% of fertilizer production),AG.CON.FERT.PT.ZS,Honduras,HND,..,..,..,..,..,..,..,..,..,..,..,..,
Fertilizer consumption (% of fertilizer production),AG.CON.FERT.PT.ZS,"Hong Kong SAR, China",HKG,..,..,..,..,..,..,..,..,..,..,..,..,
Fertilizer consumption (% of fertilizer production),AG.CON.FERT.PT.ZS,Hungary,HUN,122.3140853,132.5568976,144.3531687,174.6958378,192.6564119,190.7790785,184.3173546,77.41342736,85.28556454,106.2434539,58.98946793,..,
Fertilizer consumption (% of fertilizer production),AG.CON.FERT.PT.ZS,Iceland,ISL,228.3869059,176.6666667,..,..,..,..,..,..,..,..,..,..,
Fertilizer consumption (% of fertilizer production),AG.CON.FERT.PT.ZS,India,IND,132.5024934,113.6874603,149.4416731,144.72852,146.530556,152.7011876,156.483317,176.0422472,160.620281,143.8432953,139.3674214,..,
Fertilizer consumption (% of fertilizer production),AG.CON.FERT.PT.ZS,Indonesia,IDN,81.97731594,81.85339592,139.8098869,142.1022688,147.7029912,147.3186261,114.113043,121.8631388,143.0637555,121.8548104,121.8548104,..,
Fertilizer consumption (% of fertilizer production),AG.CON.FERT.PT.ZS,"Iran, Islamic Rep.",IRN,254.2150208,160.3307715,42.36806274,45.75319752,42.94441817,49.42586315,54.08481918,58.69346227,58.69346227,58.69346227,58.69346227,..,
Fertilizer consumption (% of fertilizer production),AG.CON.FERT.PT.ZS,Iraq,IRQ,46.10244989,113.1707317,230.6704943,123.0303988,215.1129746,234.4003275,202.9292104,216.359577,229.5764013,231.1382198,228.5297281,..,
Fertilizer consumption (% of fertilizer production),AG.CON.FERT.PT.ZS,Ireland,IRL,248.1362007,318.1581741,..,..,..,..,..,..,..,..,..,..,
Fertilizer consumption (% of fertilizer production),AG.CON.FERT.PT.ZS,Isle of Man,IMN,..,..,..,..,..,..,..,..,..,..,..,..,
Fertilizer consumption (% of fertilizer production),AG.CON.FERT.PT.ZS,Israel,ISR,6.568501921,4.398278121,3.808619941,3.498597901,3.368526225,3.395839443,3.185163861,2.566481854,2.912402507,2.317453206,2.386107688,..,
Fertilizer consumption (% of fertilizer production),AG.CON.FERT.PT.ZS,Italy,ITA,162.9813044,318.3823529,222.3003364,190.1814656,230.9281575,229.4161399,119.0969339,98.28179892,87.4760515,125.6002042,86.16944166,..,
Fertilizer consumption (% of fertilizer production),AG.CON.FERT.PT.ZS,Jamaica,JAM,..,..,..,..,..,..,..,..,..,..,..,..,
Fertilizer consumption (% of fertilizer production),AG.CON.FERT.PT.ZS,Japan,JPN,132.6118326,147.4540494,131.9384297,129.2409011,134.4810038,132.8648516,130.9844989,124.3454768,113.4591315,122.2041772,143.7935728,..,
Fertilizer consumption (% of fertilizer production),AG.CON.FERT.PT.ZS,Jordan,JOR,1.372828296,1.366491893,2.249233001,1.762065318,1.378338197,1.148446894,1.234394187,0.818961879,0.827401885,2.126412529,2.210859474,..,
Fertilizer consumption (% of fertilizer production),AG.CON.FERT.PT.ZS,Kazakhstan,KAZ,..,468.3544304,54.10212848,45.93802737,47.59554473,40.4971474,24.1064161,52.33381829,71.67720586,84.74361259,45.5209591,..,
Fertilizer consumption (% of fertilizer production),AG.CON.FERT.PT.ZS,Kenya,KEN,..,..,..,..,..,..,..,..,..,..,..,..,
Fertilizer consumption (% of fertilizer production),AG.CON.FERT.PT.ZS,Kiribati,KIR,..,..,..,..,..,..,..,..,..,..,..,..,
Fertilizer consumption (% of fertilizer production),AG.CON.FERT.PT.ZS,"Korea, Dem. People's Rep.",PRK,104.4416562,512,183.3753846,240.9692308,232.0569231,317.7769231,472.4444444,..,..,..,..,..,
Fertilizer consumption (% of fertilizer production),AG.CON.FERT.PT.ZS,"Korea, Rep.",KOR,84.92396585,83.19874671,83.35136064,64.89333616,58.5322761,59.19902693,59.80875954,51.86451173,51.17075825,56.34019314,57.06893512,..,
Fertilizer consumption (% of fertilizer production),AG.CON.FERT.PT.ZS,Kosovo,XKX,..,..,..,..,..,..,..,..,..,..,..,..,
Fertilizer consumption (% of fertilizer production),AG.CON.FERT.PT.ZS,Kuwait,KWT,..,0.218679924,1.975505857,1.649205415,1.922852133,3.481194261,..,..,..,..,..,..,
Fertilizer consumption (% of fertilizer production),AG.CON.FERT.PT.ZS,Kyrgyz Republic,KGZ,..,..,..,..,..,..,..,..,..,..,..,..,
Fertilizer consumption (% of fertilizer production),AG.CON.FERT.PT.ZS,Lao PDR,LAO,..,..,20.36862516,19.57845541,18.69326034,18.75856866,24.43338627,24.07086712,18.6886288,10.22420024,7.14120906,..,
Fertilizer consumption (% of fertilizer production),AG.CON.FERT.PT.ZS,Latvia,LVA,..,..,..,..,..,..,..,..,..,..,..,..,
Fertilizer consumption (% of fertilizer production),AG.CON.FERT.PT.ZS,Lebanon,LBN,74.70588235,71.19482289,34.227,64.56551724,50.20203304,37.69438669,40.47594937,62.69178082,46.53652968,38.55936073,58.24885845,..,
Fertilizer consumption (% of fertilizer production),AG.CON.FERT.PT.ZS,Lesotho,LSO,..,..,..,..,..,..,..,..,..,..,..,..,
Fertilizer consumption (% of fertilizer production),AG.CON.FERT.PT.ZS,Liberia,LBR,..,..,..,..,..,..,..,..,..,..,..,..,
Fertilizer consumption (% of fertilizer production),AG.CON.FERT.PT.ZS,Libya,LBY,62.08,13.51019406,15.88509134,23.97682709,37.74978939,23.33471074,112.8623188,211.94,168.8333333,187.14,252.7333333,..,
Fertilizer consumption (% of fertilizer production),AG.CON.FERT.PT.ZS,Liechtenstein,LIE,..,..,..,..,..,..,..,..,..,..,..,..,
Fertilizer consumption (% of fertilizer production),AG.CON.FERT.PT.ZS,Lithuania,LTU,..,18.56796117,21.23826497,25.12188316,22.63945625,25.01629295,25.39649787,26.58158888,31.52525808,41.67128208,51.00950307,..,
Fertilizer consumption (% of fertilizer production),AG.CON.FERT.PT.ZS,Luxembourg,LUX,..,..,..,..,..,..,..,..,..,..,..,..,
Fertilizer consumption (% of fertilizer production),AG.CON.FERT.PT.ZS,"Macao SAR, China",MAC,..,..,..,..,..,..,..,..,..,..,..,..,
Fertilizer consumption (% of fertilizer production),AG.CON.FERT.PT.ZS,Madagascar,MDG,..,..,..,..,..,..,..,..,..,..,..,..,
Fertilizer consumption (% of fertilizer production),AG.CON.FERT.PT.ZS,Malawi,MWI,..,..,..,..,..,..,..,..,..,..,..,..,
Fertilizer consumption (% of fertilizer production),AG.CON.FERT.PT.ZS,Malaysia,MYS,341.9172932,202.5353673,295.3799547,340.0367465,223.2929782,215.5941971,136.6049625,146.6953753,198.0346291,148.6244415,256.3894102,..,
Fertilizer consumption (% of fertilizer production),AG.CON.FERT.PT.ZS,Maldives,MDV,..,..,..,..,..,..,..,..,..,..,..,..,
Fertilizer consumption (% of fertilizer production),AG.CON.FERT.PT.ZS,Mali,MLI,..,..,..,..,..,..,..,..,..,..,..,..,
Fertilizer consumption (% of fertilizer production),AG.CON.FERT.PT.ZS,Malta,MLT,..,..,..,..,..,..,..,..,..,..,..,..,
Fertilizer consumption (% of fertilizer production),AG.CON.FERT.PT.ZS,Marshall Islands,MHL,..,..,..,..,..,..,..,..,..,..,..,..,
Fertilizer consumption (% of fertilizer production),AG.CON.FERT.PT.ZS,Mauritania,MRT,..,..,..,..,..,..,..,..,..,..,..,..,
Fertilizer consumption (% of fertilizer production),AG.CON.FERT.PT.ZS,Mauritius,MUS,231.5908142,223.2142857,..,..,..,..,..,..,..,..,..,..,
Fertilizer consumption (% of fertilizer production),AG.CON.FERT.PT.ZS,Mexico,MEX,103.2258065,161.0124802,166.9940393,201.0045969,208.2918614,213.4797441,226.8548821,227.665751,298.7303119,372.0004574,405.6621603,..,
Fertilizer consumption (% of fertilizer production),AG.CON.FERT.PT.ZS,"Micronesia, Fed. Sts.",FSM,..,..,..,..,..,..,..,..,..,..,..,..,
Fertilizer consumption (% of fertilizer production),AG.CON.FERT.PT.ZS,Moldova,MDA,..,..,..,..,..,..,..,..,..,..,..,..,
Fertilizer consumption (% of fertilizer production),AG.CON.FERT.PT.ZS,Monaco,MCO,..,..,..,..,..,..,..,..,..,..,..,..,
Fertilizer consumption (% of fertilizer production),AG.CON.FERT.PT.ZS,Mongolia,MNG,..,..,..,..,..,..,..,..,..,..,..,..,
Fertilizer consumption (% of fertilizer production),AG.CON.FERT.PT.ZS,Montenegro,MNE,..,..,..,..,..,..,..,..,..,..,..,..,
Fertilizer consumption (% of fertilizer production),AG.CON.FERT.PT.ZS,Morocco,MAR,22.96135931,25.83797468,19.92004963,8.982765642,9.693473371,9.054394904,6.558937834,6.082073648,5.862401378,5.667809911,5.341364271,..,
Fertilizer consumption (% of fertilizer production),AG.CON.FERT.PT.ZS,Mozambique,MOZ,..,..,..,..,..,..,..,..,..,..,..,..,
Fertilizer consumption (% of fertilizer production),AG.CON.FERT.PT.ZS,Myanmar,MMR,107.4423898,266.7963684,218.8701261,566.4148004,1861.060678,2374.990227,1211.390154,819.2758644,467.7041109,..,..,..,
Fertilizer consumption (% of fertilizer production),AG.CON.FERT.PT.ZS,Namibia,NAM,..,..,..,..,..,..,..,..,..,..,..,..,
Fertilizer consumption (% of fertilizer production),AG.CON.FERT.PT.ZS,Nauru,NRU,..,..,..,..,..,..,..,..,..,..,..,..,
Fertilizer consumption (% of fertilizer production),AG.CON.FERT.PT.ZS,Nepal,NPL,..,..,..,..,..,..,..,..,..,..,..,..,
Fertilizer consumption (% of fertilizer production),AG.CON.FERT.PT.ZS,Netherlands,NLD,24.44832098,31.54716981,12.93597273,13.00096124,17.7491164,17.9195623,16.99975438,16.87204079,16.63682166,14.64289183,14.57824451,..,
Fertilizer consumption (% of fertilizer production),AG.CON.FERT.PT.ZS,New Caledonia,NCL,..,..,..,..,..,..,..,..,..,..,..,..,
Fertilizer consumption (% of fertilizer production),AG.CON.FERT.PT.ZS,New Zealand,NZL,148.7857762,164.8927537,284.950267,295.1421986,298.983612,339.5958702,341.0811918,318.8023134,312.0042061,305.1594812,235.3270242,..,
Fertilizer consumption (% of fertilizer production),AG.CON.FERT.PT.ZS,Nicaragua,NIC,..,..,..,..,..,..,..,..,..,..,..,..,
Fertilizer consumption (% of fertilizer production),AG.CON.FERT.PT.ZS,Niger,NER,..,..,..,..,..,..,..,..,..,..,..,..,
Fertilizer consumption (% of fertilizer production),AG.CON.FERT.PT.ZS,Nigeria,NGA,122.2161172,..,221.8610393,121.31467,112.3288531,94.73974872,94.73974872,114.8405357,106.7525856,21.1223448,12.50587851,..,
Fertilizer consumption (% of fertilizer production),AG.CON.FERT.PT.ZS,North Macedonia,MKD,..,399,..,..,..,..,..,..,..,..,..,..,
Fertilizer consumption (% of fertilizer production),AG.CON.FERT.PT.ZS,Northern Mariana Islands,MNP,..,..,..,..,..,..,..,..,..,..,..,..,
Fertilizer consumption (% of fertilizer production),AG.CON.FERT.PT.ZS,Norway,NOR,28.09140866,22.28637413,17.5503716,18.77060391,17.22599933,18.02595003,17.83418889,16.92133495,18.42923034,18.13885297,15.67287438,..,
Fertilizer consumption (% of fertilizer production),AG.CON.FERT.PT.ZS,Oman,OMN,..,..,1.683302825,1.975385034,1.528339562,1.533946147,4.169683496,2.235571368,1.85900995,3.029802999,2.796233506,..,
Fertilizer consumption (% of fertilizer production),AG.CON.FERT.PT.ZS,Pakistan,PAK,154.5934172,128.9388928,119.9070156,119.0823036,131.6315867,131.6315867,124.4481341,121.1459343,122.732387,107.0616666,121.7759719,..,
Fertilizer consumption (% of fertilizer production),AG.CON.FERT.PT.ZS,Palau,PLW,..,..,..,..,..,..,..,..,..,..,..,..,
Fertilizer consumption (% of fertilizer production),AG.CON.FERT.PT.ZS,Panama,PAN,..,..,..,..,..,..,..,..,..,..,..,..,
Fertilizer consumption (% of fertilizer production),AG.CON.FERT.PT.ZS,Papua New Guinea,PNG,..,..,..,..,..,..,..,..,..,..,..,..,
Fertilizer consumption (% of fertilizer production),AG.CON.FERT.PT.ZS,Paraguay,PRY,..,..,..,..,..,..,..,..,..,..,..,..,
Fertilizer consumption (% of fertilizer production),AG.CON.FERT.PT.ZS,Peru,PER,282.3466295,7640.324519,..,..,..,..,..,..,..,..,..,..,
Fertilizer consumption (% of fertilizer production),AG.CON.FERT.PT.ZS,Philippines,PHL,170.3196983,230.6627058,893.7371989,714.9874599,652.8852626,366.2112343,1403.631654,658.2394368,329.5469279,198.6037602,459.1795802,..,
Fertilizer consumption (% of fertilizer production),AG.CON.FERT.PT.ZS,Poland,POL,90.38348774,83.74468526,66.07484927,72.14298234,70.21902954,66.02979484,67.26407933,58.94789095,58.73706146,74.69845806,89.53253583,..,
Fertilizer consumption (% of fertilizer production),AG.CON.FERT.PT.ZS,Portugal,PRT,125.631769,122.3463687,122.2420762,115.9370713,110.6274222,148.2876062,155.079224,149.5544716,151.2439077,101.5177487,140.6813331,..,
Fertilizer consumption (% of fertilizer production),AG.CON.FERT.PT.ZS,Puerto Rico (US),PRI,..,..,..,..,..,..,..,..,..,..,..,..,
Fertilizer consumption (% of fertilizer production),AG.CON.FERT.PT.ZS,Qatar,QAT,0.394166338,0.066807408,0.08148631,0.119357149,0.143861893,0.194774631,0.18049428,0.197019995,0.194742531,0.194742531,0.194742531,..,
Fertilizer consumption (% of fertilizer production),AG.CON.FERT.PT.ZS,Romania,ROU,72.91040289,31.42670349,111.4387551,129.3359665,125.4590631,135.9112869,84.80589399,57.39381827,123.9062168,455.9992199,544.1518421,..,
Fertilizer consumption (% of fertilizer production),AG.CON.FERT.PT.ZS,Russian Federation,RUS,..,12.36104703,10.06175076,10.91829805,10.95805841,11.02722383,11.59423121,12.3673018,12.65994892,14.56473619,13.483549,..,
Fertilizer consumption (% of fertilizer production),AG.CON.FERT.PT.ZS,Rwanda,RWA,..,..,..,..,..,..,..,..,..,..,..,..,
Fertilizer consumption (% of fertilizer production),AG.CON.FERT.PT.ZS,Samoa,WSM,..,..,..,..,..,..,..,..,..,..,..,..,
Fertilizer consumption (% of fertilizer production),AG.CON.FERT.PT.ZS,San Marino,SMR,..,..,..,..,..,..,..,..,..,..,..,..,
Fertilizer consumption (% of fertilizer production),AG.CON.FERT.PT.ZS,Sao Tome and Principe,STP,..,..,..,..,..,..,..,..,..,..,..,..,
Fertilizer consumption (% of fertilizer production),AG.CON.FERT.PT.ZS,Saudi Arabia,SAU,86.16740088,26.86496564,8.781209746,8.051722819,7.300463754,7.094140136,7.073009543,9.125483411,8.461462208,7.9056615,7.135057655,..,
Fertilizer consumption (% of fertilizer production),AG.CON.FERT.PT.ZS,Senegal,SEN,18.09362488,73.74517375,334.5939355,279.5516731,129.7181577,98.70151061,262.2824517,293.1006988,131.7929588,438.1724564,208.6153846,..,
Fertilizer consumption (% of fertilizer production),AG.CON.FERT.PT.ZS,Serbia,SRB,..,..,257.009376,346.4652483,261.3923798,149.1892808,155.8009543,280.4896436,137.445148,212.8593881,236.6319947,..,
Fertilizer consumption (% of fertilizer production),AG.CON.FERT.PT.ZS,Seychelles,SYC,..,..,..,..,..,..,..,..,..,..,..,..,
Fertilizer consumption (% of fertilizer production),AG.CON.FERT.PT.ZS,Sierra Leone,SLE,..,..,..,..,..,..,..,..,..,..,..,..,
Fertilizer consumption (% of fertilizer production),AG.CON.FERT.PT.ZS,Singapore,SGP,..,..,..,..,..,..,..,..,..,..,..,..,
Fertilizer consumption (% of fertilizer production),AG.CON.FERT.PT.ZS,Sint Maarten (Dutch part),SXM,..,..,..,..,..,..,..,..,..,..,..,..,
Fertilizer consumption (% of fertilizer production),AG.CON.FERT.PT.ZS,Slovak Republic,SVK,..,39.20544308,40.49000611,49.25436775,48.43623135,47.57498173,56.04453074,52.38164133,52.63554008,64.13466796,58.70149234,..,
Fertilizer consumption (% of fertilizer production),AG.CON.FERT.PT.ZS,Slovenia,SVN,..,..,..,..,..,..,..,..,..,..,..,..,
Fertilizer consumption (% of fertilizer production),AG.CON.FERT.PT.ZS,Solomon Islands,SLB,..,..,..,..,..,..,..,..,..,..,..,..,
Fertilizer consumption (% of fertilizer production),AG.CON.FERT.PT.ZS,"Somalia, Fed. Rep.",SOM,..,..,..,..,..,..,..,..,..,..,..,..,
Fertilizer consumption (% of fertilizer production),AG.CON.FERT.PT.ZS,South Africa,ZAF,96.92432099,128.3460472,238.4590996,203.5555556,237.9901961,281.16671,332.2742081,338.4332735,375.7229204,328.4251945,491.1129374,..,
Fertilizer consumption (% of fertilizer production),AG.CON.FERT.PT.ZS,South Sudan,SSD,..,..,..,..,..,..,..,..,..,..,..,..,
Fertilizer consumption (% of fertilizer production),AG.CON.FERT.PT.ZS,Spain,ESP,109.4730514,119.1331338,112.7348505,110.4530592,120.3545066,114.592826,121.7860332,132.8093896,97.33883952,84.79795044,111.1538408,..,
Fertilizer consumption (% of fertilizer production),AG.CON.FERT.PT.ZS,Sri Lanka,LKA,1877.185478,2513.894544,1502.449831,1597.654397,1119.420611,1312.525342,1803.552969,2838.098718,1461.396029,1461.396029,1461.396029,..,
Fertilizer consumption (% of fertilizer production),AG.CON.FERT.PT.ZS,St. Kitts and Nevis,KNA,..,..,..,..,..,..,..,..,..,..,..,..,
Fertilizer consumption (% of fertilizer production),AG.CON.FERT.PT.ZS,St. Lucia,LCA,..,..,..,..,..,..,..,..,..,..,..,..,
Fertilizer consumption (% of fertilizer production),AG.CON.FERT.PT.ZS,St. Martin (French part),MAF,..,..,..,..,..,..,..,..,..,..,..,..,
Fertilizer consumption (% of fertilizer production),AG.CON.FERT.PT.ZS,St. Vincent and the Grenadines,VCT,..,..,..,..,..,..,..,..,..,..,..,..,
Fertilizer consumption (% of fertilizer production),AG.CON.FERT.PT.ZS,Sudan,SDN,..,..,..,..,..,..,..,..,..,..,..,..,
Fertilizer consumption (% of fertilizer production),AG.CON.FERT.PT.ZS,Suriname,SUR,..,..,..,..,..,..,..,..,..,..,..,..,
Fertilizer consumption (% of fertilizer production),AG.CON.FERT.PT.ZS,Sweden,SWE,115.5488127,222.4267717,..,..,..,..,..,..,..,..,..,..,
Fertilizer consumption (% of fertilizer production),AG.CON.FERT.PT.ZS,Switzerland,CHE,575,592.9466667,..,..,..,..,..,..,..,..,..,..,
Fertilizer consumption (% of fertilizer production),AG.CON.FERT.PT.ZS,Syrian Arab Republic,SYR,189.7765133,187.7247047,..,..,..,..,..,..,..,..,..,..,
Fertilizer consumption (% of fertilizer production),AG.CON.FERT.PT.ZS,Tajikistan,TJK,..,222.5,..,..,..,..,..,..,..,..,..,..,
Fertilizer consumption (% of fertilizer production),AG.CON.FERT.PT.ZS,Tanzania,TZA,954.1284404,..,..,..,..,..,..,3494.689171,1469.450542,1798.729386,1550.75213,..,
Fertilizer consumption (% of fertilizer production),AG.CON.FERT.PT.ZS,Thailand,THA,..,987.9025316,2102.598346,2181.99912,1904.314286,1585.505472,1492.315415,192.6433313,164.206378,368.2853322,423.2663532,..,
Fertilizer consumption (% of fertilizer production),AG.CON.FERT.PT.ZS,Timor-Leste,TLS,..,..,..,..,..,..,..,..,..,..,..,..,
Fertilizer consumption (% of fertilizer production),AG.CON.FERT.PT.ZS,Togo,TGO,..,..,2.938666667,14.2145098,..,..,..,..,..,..,..,..,
Fertilizer consumption (% of fertilizer production),AG.CON.FERT.PT.ZS,Tonga,TON,..,..,..,..,..,..,..,..,..,..,..,..,
Fertilizer consumption (% of fertilizer production),AG.CON.FERT.PT.ZS,Trinidad and Tobago,TTO,3.062985332,3.343261896,1.279630785,1.34837951,0.516226212,0.433162575,0.517716078,0.404565898,0.402360069,0.734843846,0.972020622,..,
Fertilizer consumption (% of fertilizer production),AG.CON.FERT.PT.ZS,Tunisia,TUN,9.693348214,9.77602108,30.60871381,26.90712367,21.02566642,34.46195332,33.82035657,25.13789017,46.03420306,41.88917207,32.65091512,..,
Fertilizer consumption (% of fertilizer production),AG.CON.FERT.PT.ZS,Turkiye,TUR,120.6961488,259.0504679,159.2253334,221.4131803,188.9417948,149.3922925,141.6523899,125.0584674,115.9883199,133.8328738,181.3141117,..,
Fertilizer consumption (% of fertilizer production),AG.CON.FERT.PT.ZS,Turkmenistan,TKM,..,167.6666667,100.0193424,86.89903846,79.5,81.79542203,69.83908662,62.5862069,56.81973216,67.67290192,67.67290192,..,
Fertilizer consumption (% of fertilizer production),AG.CON.FERT.PT.ZS,Turks and Caicos Islands,TCA,..,..,..,..,..,..,..,..,..,..,..,..,
Fertilizer consumption (% of fertilizer production),AG.CON.FERT.PT.ZS,Tuvalu,TUV,..,..,..,..,..,..,..,..,..,..,..,..,
Fertilizer consumption (% of fertilizer production),AG.CON.FERT.PT.ZS,Uganda,UGA,..,..,..,..,..,..,..,..,..,..,..,..,
Fertilizer consumption (% of fertilizer production),AG.CON.FERT.PT.ZS,Ukraine,UKR,..,19.76639712,95.90570266,110.9680119,188.3145583,209.6196629,208.8235394,253.0506916,262.7544367,..,..,..,
Fertilizer consumption (% of fertilizer production),AG.CON.FERT.PT.ZS,United Arab Emirates,ARE,5.474772249,14.42070666,2.185155815,1.945004072,1.672596339,1.480132025,1.597153757,1.848236101,1.764863475,1.764863475,1.764970637,..,
Fertilizer consumption (% of fertilizer production),AG.CON.FERT.PT.ZS,United Kingdom,GBR,149.0636704,156.5217391,366.6908388,473.5172851,412.5511596,436.8188513,439.1752577,341.8342325,355.8116724,215.6584092,238.3690775,..,
Fertilizer consumption (% of fertilizer production),AG.CON.FERT.PT.ZS,United States,USA,76.84509457,106.1527961,123.1155989,117.2679779,110.4042352,109.3040712,104.6716212,106.6125719,110.0026146,100.7911565,100.7911565,..,
Fertilizer consumption (% of fertilizer production),AG.CON.FERT.PT.ZS,Uruguay,URY,599.0333333,694.1466667,1813.522581,1671.710784,2258.381579,2178.037838,1885.232432,..,..,..,..,..,
Fertilizer consumption (% of fertilizer production),AG.CON.FERT.PT.ZS,Uzbekistan,UZB,..,91.60611376,81.40497668,83.53592621,89.66621274,74.83545017,90.31473655,91.39787951,78.92377899,68.6399477,87.71890121,..,
Fertilizer consumption (% of fertilizer production),AG.CON.FERT.PT.ZS,Vanuatu,VUT,..,..,..,..,..,..,..,..,..,..,..,..,
Fertilizer consumption (% of fertilizer production),AG.CON.FERT.PT.ZS,"Venezuela, RB",VEN,110.0963978,82.23972003,96.17063944,67.92314462,62.88974606,102.6240911,38.74897249,67.27612656,67.91786448,67.91786448,67.91786448,..,
Fertilizer consumption (% of fertilizer production),AG.CON.FERT.PT.ZS,Viet Nam,VNM,663.8376777,998.6784141,218.8462428,208.6210103,208.001361,193.9043302,171.5467607,179.7517028,178.7767576,115.8719122,120.868071,..,
Fertilizer consumption (% of fertilizer production),AG.CON.FERT.PT.ZS,Virgin Islands (U.S.),VIR,..,..,..,..,..,..,..,..,..,..,..,..,
Fertilizer consumption (% of fertilizer production),AG.CON.FERT.PT.ZS,West Bank and Gaza,PSE,..,..,..,..,..,..,..,..,..,..,..,..,
Fertilizer consumption (% of fertilizer production),AG.CON.FERT.PT.ZS,"Yemen, Rep.",YEM,..,..,..,..,..,..,..,..,..,..,..,..,
Fertilizer consumption (% of fertilizer production),AG.CON.FERT.PT.ZS,Zambia,ZMB,561.3207547,3487.888889,..,..,..,..,..,..,..,..,..,..,
Fertilizer consumption (% of fertilizer production),AG.CON.FERT.PT.ZS,Zimbabwe,ZWE,133.5071656,163.0177515,251.1182109,944.2028986,671.559633,623.4741784,623.4741784,166.4274029,303.5807771,253.2597137,..,..,
Fertilizer consumption (% of fertilizer production),AG.CON.FERT.PT.ZS,Africa Eastern and Southern,AFE,112.846804,140.0331944,659.1859792,708.2916453,752.7103702,714.9938098,831.5833673,930.1770295,876.4127982,815.5871705,..,..,
Fertilizer consumption (% of fertilizer production),AG.CON.FERT.PT.ZS,Africa Western and Central,AFW,119.3172247,138.2116781,231.0020419,165.207609,212.782452,203.2473722,208.2167973,250.4718248,227.6529006,88.71329575,..,..,
Fertilizer consumption (% of fertilizer production),AG.CON.FERT.PT.ZS,Arab World,ARB,40.72509407,32.45208037,17.379311,15.16995144,14.83672609,14.50718245,14.24930885,14.21146094,13.36760356,12.69559909,..,..,
Fertilizer consumption (% of fertilizer production),AG.CON.FERT.PT.ZS,Caribbean small states,CSS,3.062985332,4.114373411,11.84480603,11.82008445,10.57224635,12.90298609,11.65756033,10.26592364,9.993770282,7.510130629,..,..,
Fertilizer consumption (% of fertilizer production),AG.CON.FERT.PT.ZS,Central Europe and the Baltics,CEB,..,59.4871116,74.10542236,82.53808356,74.30187632,77.52856547,74.6383482,63.29689439,71.23776238,101.5796197,..,..,
Fertilizer consumption (% of fertilizer production),AG.CON.FERT.PT.ZS,Early-demographic dividend,EAR,110.1856368,103.5957282,120.8041183,119.132068,119.3762829,121.0190602,120.9856112,125.7686499,123.075148,112.6645825,..,..,
Fertilizer consumption (% of fertilizer production),AG.CON.FERT.PT.ZS,East Asia & Pacific,EAS,137.1609502,132.663847,100.4118311,107.7022959,119.1442444,121.1416546,105.9095043,114.6242447,112.7028324,114.9449636,..,..,
Fertilizer consumption (% of fertilizer production),AG.CON.FERT.PT.ZS,East Asia & Pacific (excluding high income),EAP,137.7266238,130.1325811,96.84179007,104.2044858,115.7696106,117.6812569,102.0758475,110.0290501,107.5875587,110.2440673,..,..,
Fertilizer consumption (% of fertilizer production),AG.CON.FERT.PT.ZS,East Asia & Pacific (IDA & IBRD countries),TEA,138.8811648,..,96.76324787,104.0685628,115.6420944,117.4476406,101.9361898,109.9502358,107.5109803,110.212499,..,..,
Fertilizer consumption (% of fertilizer production),AG.CON.FERT.PT.ZS,Euro area,EMU,88.37444535,106.6240464,81.36524457,81.62146964,86.11262699,87.25647889,83.04177834,92.05164644,83.04105196,87.65892483,..,..,
Fertilizer consumption (% of fertilizer production),AG.CON.FERT.PT.ZS,Europe & Central Asia,ECS,..,64.1940529,50.66612903,52.80158906,51.49816326,49.75708024,48.88069223,49.93461194,46.89951587,47.42520049,..,..,
Fertilizer consumption (% of fertilizer production),AG.CON.FERT.PT.ZS,Europe & Central Asia (excluding high income),ECA,..,53.36258942,56.26339983,63.44578356,61.07134321,55.62823081,56.58211732,62.30284448,56.17191743,56.14146989,..,..,
Fertilizer consumption (% of fertilizer production),AG.CON.FERT.PT.ZS,Europe & Central Asia (IDA & IBRD countries),TEC,..,34.28479788,32.96644039,35.61808135,33.95386867,32.3401847,32.83756189,34.29178265,32.60414292,34.46222451,..,..,
Fertilizer consumption (% of fertilizer production),AG.CON.FERT.PT.ZS,European Union,EUU,89.544962,99.82549301,87.06223257,89.85451953,90.80068555,91.73982989,87.25632744,87.92928294,85.0832309,97.7189978,..,..,
Fertilizer consumption (% of fertilizer production),AG.CON.FERT.PT.ZS,Fragile and conflict affected situations,FCS,100.7937054,52.60620189,145.8228152,152.7054785,199.5654556,222.1425326,218.9417696,277.3802432,261.7279684,242.4668946,..,..,
Fertilizer consumption (% of fertilizer production),AG.CON.FERT.PT.ZS,Heavily indebted poor countries (HIPC),HPC,158.1501996,186.8257494,683.618688,787.0306417,2746.704852,1699.493436,1449.890005,7575.750922,2081.92286,1283.719399,..,..,
Fertilizer consumption (% of fertilizer production),AG.CON.FERT.PT.ZS,High income,HIC,74.85634775,68.39585206,57.38182221,56.39908706,54.8455854,53.83576279,53.78098031,53.83821081,53.06612797,52.66460551,..,..,
Fertilizer consumption (% of fertilizer production),AG.CON.FERT.PT.ZS,IBRD only,IBD,122.0852596,98.49638495,91.39442976,94.9440119,97.82372653,98.98870768,92.87828638,99.77821966,97.50632769,98.37859806,..,..,
Fertilizer consumption (% of fertilizer production),AG.CON.FERT.PT.ZS,IDA & IBRD total,IBT,123.5997904,100.194781,95.3436905,98.83182809,102.8118477,104.0578457,98.19230362,105.5873201,102.7660185,102.404914,..,..,
Fertilizer consumption (% of fertilizer production),AG.CON.FERT.PT.ZS,IDA blend,IDB,148.7647524,120.7657597,125.0587506,120.178436,135.0504522,127.0866283,124.1180682,127.772951,122.598738,91.11741044,..,..,
Fertilizer consumption (% of fertilizer production),AG.CON.FERT.PT.ZS,IDA only,IDX,153.1863226,150.9904035,563.2350627,561.6654762,896.420702,1139.349844,1142.232188,1238.410151,1132.683145,1327.779601,..,..,
Fertilizer consumption (% of fertilizer production),AG.CON.FERT.PT.ZS,IDA total,IDA,150.5068025,130.3913033,193.2241401,184.9461155,216.3797758,217.1299089,217.6974235,230.6916692,213.3531653,174.8962605,..,..,
Fertilizer consumption (% of fertilizer production),AG.CON.FERT.PT.ZS,Late-demographic dividend,LTE,128.7596484,100.5324464,79.64600788,83.04830597,87.83739543,88.27850786,81.37837142,86.31796669,84.23874718,89.11439918,..,..,
Fertilizer consumption (% of fertilizer production),AG.CON.FERT.PT.ZS,Latin America & Caribbean,LCN,153.9526116,208.5960122,270.2797396,305.3811177,352.054468,368.3329224,432.605513,458.8244693,478.4812174,443.4149783,..,..,
Fertilizer consumption (% of fertilizer production),AG.CON.FERT.PT.ZS,Latin America & Caribbean (excluding high income),LAC,162.2623355,241.1141772,375.2732988,454.6510576,520.2300004,519.1816498,605.8554031,639.1383149,673.7606039,601.7225225,..,..,
Fertilizer consumption (% of fertilizer production),AG.CON.FERT.PT.ZS,Latin America & the Caribbean (IDA & IBRD countries),TLA,146.5472818,208.1119465,269.1824135,304.5583313,351.058055,367.7157392,431.6756891,458.2268483,477.6871807,443.3002,..,..,
Fertilizer consumption (% of fertilizer production),AG.CON.FERT.PT.ZS,Least developed countries: UN classification,LDC,129.7850632,127.1457833,505.4088533,506.9336472,813.9770835,1042.895927,1024.256858,1077.299669,1023.913052,1211.558967,..,..,
Fertilizer consumption (% of fertilizer production),AG.CON.FERT.PT.ZS,Low & middle income,LMY,128.2959649,116.9773694,110.6505069,115.8976583,122.9603299,125.1621242,117.3857783,128.3211282,124.7522962,120.9935302,..,..,
Fertilizer consumption (% of fertilizer production),AG.CON.FERT.PT.ZS,Low income,LIC,118.4592677,264.0815249,240.8576926,317.2532199,1333.059143,1492.971615,2774.581949,7254.79896,5106.304631,4998.573479,..,..,
Fertilizer consumption (% of fertilizer production),AG.CON.FERT.PT.ZS,Lower middle income,LMC,111.1299151,107.4769283,132.1495923,123.1715603,120.0768413,120.3683939,120.9055206,130.3452278,121.2736394,107.3161769,..,..,
Fertilizer consumption (% of fertilizer production),AG.CON.FERT.PT.ZS,"Middle East, North Africa, Afghanistan & Pakistan",MEA,59.63980773,50.76764191,32.26259542,29.59352926,29.13919176,29.06462779,28.85137931,27.70158977,27.63965402,26.99643498,..,..,
Fertilizer consumption (% of fertilizer production),AG.CON.FERT.PT.ZS,"Middle East, North Africa, Afghanistan & Pakistan (excluding high income)",MNA,73.84076229,71.88574954,55.54540941,50.77267582,46.5615019,46.34386117,43.64557046,43.00635358,43.15304047,40.44092356,..,..,
Fertilizer consumption (% of fertilizer production),AG.CON.FERT.PT.ZS,"Middle East, North Africa, Afghanistan & Pakistan (IDA & IBRD)",TMN,73.84076229,71.88574954,55.46947502,50.77267582,46.5615019,46.2776975,43.57460308,42.92894738,43.07645161,40.44092356,..,..,
Fertilizer consumption (% of fertilizer production),AG.CON.FERT.PT.ZS,Middle income,MIC,128.5093933,116.4626409,110.243863,115.3177698,122.1067361,124.1712519,116.5124389,127.3298352,124.0693328,120.3036558,..,..,
Fertilizer consumption (% of fertilizer production),AG.CON.FERT.PT.ZS,North America,NAC,59.96934982,68.94045661,75.69622868,74.0939446,69.95274182,67.26007398,67.70345527,69.61675213,69.90578719,66.00795149,..,..,
Fertilizer consumption (% of fertilizer production),AG.CON.FERT.PT.ZS,Not classified,INX,..,..,..,..,..,..,..,..,..,..,..,..,
Fertilizer consumption (% of fertilizer production),AG.CON.FERT.PT.ZS,OECD members,OED,78.13575465,89.18258759,87.3255081,88.37173431,86.10883793,82.4589797,83.02414634,84.75518216,84.04889931,84.21729534,..,..,
Fertilizer consumption (% of fertilizer production),AG.CON.FERT.PT.ZS,Other small states,OSS,..,140.5636042,101467.1473,108275.4451,48051.7265,47524.1685,49483.50254,49822.53201,53768.72869,45296.61717,..,..,
Fertilizer consumption (% of fertilizer production),AG.CON.FERT.PT.ZS,Pacific island small states,PSS,..,..,..,..,..,..,..,..,..,..,..,..,
Fertilizer consumption (% of fertilizer production),AG.CON.FERT.PT.ZS,Post-demographic dividend,PST,76.48725729,78.89003667,77.47529192,77.34793327,75.19643012,73.39541952,72.66572164,75.70061646,75.40323864,72.21862207,..,..,
Fertilizer consumption (% of fertilizer production),AG.CON.FERT.PT.ZS,Pre-demographic dividend,PRE,90.38760655,124.251521,409.177743,302.9040153,352.1210123,331.2474959,322.4876367,401.2219837,363.6279194,170.0059313,..,..,
Fertilizer consumption (% of fertilizer production),AG.CON.FERT.PT.ZS,Small states,SST,..,30.71889712,30.48224613,30.82863231,29.89865306,33.39650678,30.21730585,27.81012527,28.80691758,29.41789326,..,..,
Fertilizer consumption (% of fertilizer production),AG.CON.FERT.PT.ZS,South Asia,SAS,134.0515121,115.2536835,160.1372144,154.0639682,156.6057212,164.5075165,168.1627401,188.4630343,175.1510203,156.7109388,..,..,
Fertilizer consumption (% of fertilizer production),AG.CON.FERT.PT.ZS,South Asia (IDA & IBRD),TSA,134.0515121,115.2536835,160.1372144,154.0639682,156.6057212,164.5075165,168.1627401,188.4630343,175.1510203,156.7109388,..,..,
Fertilizer consumption (% of fertilizer production),AG.CON.FERT.PT.ZS,Sub-Saharan Africa,SSF,114.7258841,139.9061334,418.4791645,365.8929386,399.0398394,378.5281738,407.5320334,481.3954258,469.1199575,251.6466225,..,..,
Fertilizer consumption (% of fertilizer production),AG.CON.FERT.PT.ZS,Sub-Saharan Africa (excluding high income),SSA,114.7258841,139.9061334,362.6495146,309.5654978,350.1531871,343.064148,368.9105881,424.1046304,402.4279417,215.3615084,..,..,
Fertilizer consumption (% of fertilizer production),AG.CON.FERT.PT.ZS,Sub-Saharan Africa (IDA & IBRD countries),TSS,114.7258841,139.9061334,418.4791645,365.8929386,399.0398394,378.5281738,407.5320334,481.3954258,469.1199575,251.6466225,..,..,
Fertilizer consumption (% of fertilizer production),AG.CON.FERT.PT.ZS,Upper middle income,UMC,138.0326345,121.3959607,102.3051113,112.0655489,123.0934707,126.1058034,114.2899665,125.7041092,125.5837622,128.8785374,..,..,
Fertilizer consumption (% of fertilizer production),AG.CON.FERT.PT.ZS,World,WLD,97.10874887,92.77908648,88.76067637,90.44309104,92.67536138,92.60932173,89.16237678,94.20706583,92.15849024,91.10088083,..,..,
,,,,,,,,,,,,,,,,
,,,,,,,,,,,,,,,,
,,,,,,,,,,,,,,,,
Data from database: World Development Indicators,,,,,,,,,,,,,,,,
Last Updated: 10/07/2025,,,,,,,,,,,,,,,,
Code,License Type,Indicator Name,Short definition,Long definition,Source,Topic,Dataset,Unit of measure,Periodicity,Reference period,Aggregation method,Statistical concept and methodology,Development relevance,Limitations and exceptions,Other notes,License URL
AG.CON.FERT.PT.ZS,CC BY-4.0,Fertilizer consumption (% of fertilizer production),"Fertilizer consumption measures the quantity of plant nutrients used per unit of arable land. Fertilizer products cover nitrogenous, potash, and phosphate fertilizers (including ground rock phosphate). Traditional nutrients--animal and plant manures--are not included. For the purpose of data dissemination, FAO has adopted the concept of a calendar year (January to December). Some countries compile fertilizer data on a calendar year basis, while others are on a split-year basis.","Fertilizer consumption measures the quantity of plant nutrients used per unit of arable land. Fertilizer products cover nitrogenous, potash, and phosphate fertilizers (including ground rock phosphate). Traditional nutrients--animal and plant manures--are not included. For the purpose of data dissemination, FAO has adopted the concept of a calendar year (January to December). Some countries compile fertilizer data on a calendar year basis, while others are on a split-year basis.","FAO electronic files and web site, Food and Agriculture Organization of the United Nations (FAO), publisher: Food and Agriculture Organization of the United Nations (FAO)",Environment: Agricultural production,WDI,% (ratio),Annual,1961-2022,Weighted average,"Methodology: Fertilizer consumption measures the quantity of plant nutrients, and is calculated as production plus imports minus exports. Because some chemical compounds used for fertilizers have other industrial applications, the consumption data may overstate the quantity available for crops. Fertilizer consumption as a share of production shows the agriculture sector's vulnerability to import and energy price fluctuation.













Most fertilizers that are commonly used in agriculture contain the three basic plant nutrients - nitrogen, phosphorus, and potassium. Some fertilizers also contain certain micronutrients"," such as zinc and other metals that are necessary for plant growth. Materials that are applied to the land primarily to enhance soil characteristics (rather than as plant food) are commonly referred to as soil amendments. Fertilizers and soil amendments are largely derived from raw material, composts and other organic matter, and wastes, such as sewage sludge and certain industrial wastes.













FAO defines arable land as land under temporary crops (double-cropped areas are counted once), temporary meadows for mowing or for pasture, land under market or kitchen gardens, and land temporarily fallow; land abandoned as a result of shifting cultivation is excluded.","Factors such as the green revolution, has led to impressive progress in increasing crop yields over the last few decades. This progress, however, is not equal across all regions. Continued progress depends on maintaining agricultural research and education. The cultivation of cereals varies widely in different countries and depends partly upon the development of the economy. Production depends on the nature of the soil, the amount of rainfall, irrigation, quality od seeds, and the techniques applied to promote growth.













Agriculture is still a major sector in many economies, and agricultural activities provide developing countries with food and revenue. But agricultural activities also can degrade natural resources. Poor farming practices can cause soil erosion and loss of soil fertility. Efforts to increase productivity by using chemical fertilizers, pesticides, and intensive irrigation have environmental costs and health impacts. Salinization of irrigated land diminishes soil fertility. Thus, inappropriate use of inputs for agricultural production has far-reaching effects.













In many developed countries, excessive nitrogen fertilizer applications have sometime lead to pest problems by increasing the birth rate, longevity and overall fitness of certain agricultural pests, such as aphids. Further, excessive use of fertilizers emits significant quantities of greenhouse gas into the atmosphere. Over-fertilization of a vital nutrient can be detrimental, as fertilizer burn"" can occur when too much fertilizer is applied", resulting in drying out of the leaves and damage or even death of the plant. In many industrialized countries, overuse of fertilizers has resulted in contamination of surface water and groundwater.
,,,,,,,,,,,,,,,,
,,,,,,,,,,,,,,,,
,,,,,,,,,,,,,,,,
,,,,,,,,,,,,,,,,
,,,,,,,,,,,,,,,,
,,,,,,,,,,,,,,,,
,,,,,,,,,,,,,,,,
,,,,,,,,,,,,,,,,
,,,,,,,,,,,,,,,,
,,,,,,,,,,,,,,,,
,,,,,,,,,,,,,,,,
,,,,,,,,,,,,,,,,
,,,,,,,,,,,,,,,,
There is no single correct mix of inputs to the agricultural land, as it is dependent on local climate, land quality, and economic development; appropriate levels and application rates vary by country and over time and depend on the type of crops, the climate and soils," and the production process used.""","The FAO has revised the time series for fertilizer consumption and irrigation for 2002 onward. FAO collects fertilizer statistics for production, imports, exports, and consumption through the new FAO fertilizer resources questionnaire. In the previous release, the data were based on total consumption of fertilizers, but the data in the recent release are based on the nutrients in fertilizers. Some countries compile fertilizer data on a calendar year basis, while others compile on a crop year basis (July-June). Previous editions of this indicator, Fertilizer consumption (100 grams per hectare of arable land), reported data on a crop year basis, but this edition uses the calendar year, as adopted by the FAO. Caution should thus be used when comparing data over time.











The data are collected by the Food and Agriculture Organization of the United Nations (FAO) through annual questionnaires. The FAO tries to impose standard definitions and reporting methods, but complete consistency across countries and over time is not possible. The secondary sources cover official country data from websites of national ministries, national publications and related country data reported by various international organizations.",The world and regional aggregate series do not include data from countries that no longer exist.,https://datacatalog.worldbank.org/public-licenses#cc-by,,,,,,,,
